firstName,lastName,personId,gameId,gameDate,playerteamCity,playerteamName,opponentteamCity,opponentteamName,gameType,gameLabel,gameSubLabel,seriesGameNumber,win,home,numMinutes,points,assists,blocks,steals,fieldGoalsAttempted,fieldGoalsMade,fieldGoalsPercentage,threePointersAttempted,threePointersMade,threePointersPercentage,freeThrowsAttempted,freeThrowsMade,freeThrowsPercentage,reboundsDefensive,reboundsOffensive,reboundsTotal,foulsPersonal,turnovers,plusMinusPoints
Jeff,Green,201145,42400153,2025-04-26 20:30,Houston,Rockets,Golden State,Warriors,Playoffs,West First Round,Game 3,3,0,0,,0,0,0,0,0,0,0,0,0,0,0,0,0,0,0,0,0,0,0
Stephen,Curry,201939,42400153,2025-04-26 20:30,Golden State,Warriors,Houston,Rockets,Playoffs,West First Round,Game 3,3,1,1,40.59,36,9,2,1,23,12,0.522,13,5,0.385,8,7,0.875,7,0,7,0,2,18
Jimmy,Butler,202710,42400153,2025-04-26 20:30,Golden State,Warriors,Houston,Rockets,Playoffs,West First Round,Game 3,3,1,1,,0,0,0,0,0,0,0,0,0,0,0,0,0,0,0,0,0,0,0
Draymond,Green,203110,42400153,2025-04-26 20:30,Golden State,Warriors,Houston,Rockets,Playoffs,West First Round,Game 3,3,1,1,34.01,7,4,3,2,11,3,0.273,4,0,0,1,1,1,7,1,8,4,5,12
Steven,Adams,203500,42400153,2025-04-26 20:30,Houston,Rockets,Golden State,Warriors,Playoffs,West First Round,Game 3,3,0,0,18.09,8,2,0,1,2,2,1,0,0,0,6,4,0.667,2,4,6,0,1,1
Kevon,Looney,1626172,42400153,2025-04-26 20:30,Golden State,Warriors,Houston,Rockets,Playoffs,West First Round,Game 3,3,1,1,13.55,2,0,0,1,3,1,0.333,0,0,0,0,0,0,4,1,5,4,0,-1
Buddy,Hield,1627741,42400153,2025-04-26 20:30,Golden State,Warriors,Houston,Rockets,Playoffs,West First Round,Game 3,3,1,1,29.11,17,2,0,3,13,6,0.462,11,5,0.455,0,0,0,1,1,2,2,2,14
Gary,Payton II,1627780,42400153,2025-04-26 20:30,Golden State,Warriors,Houston,Rockets,Playoffs,West First Round,Game 3,3,1,1,21.23,16,1,0,0,9,7,0.778,3,2,0.667,0,0,0,1,2,3,2,0,1
Fred,VanVleet,1627832,42400153,2025-04-26 20:30,Houston,Rockets,Golden State,Warriors,Playoffs,West First Round,Game 3,3,0,0,40.35,17,3,0,1,14,5,0.357,9,3,0.333,4,4,1,4,0,4,2,3,-16
Dillon,Brooks,1628415,42400153,2025-04-26 20:30,Houston,Rockets,Golden State,Warriors,Playoffs,West First Round,Game 3,3,0,0,27.44,13,1,1,1,8,4,0.5,4,3,0.75,2,2,1,4,2,6,6,2,0
Aaron,Holiday,1628988,42400153,2025-04-26 20:30,Houston,Rockets,Golden State,Warriors,Playoffs,West First Round,Game 3,3,0,0,,0,0,0,0,0,0,0,0,0,0,0,0,0,0,0,0,0,0,0
Kevin,Knox II,1628995,42400153,2025-04-26 20:30,Golden State,Warriors,Houston,Rockets,Playoffs,West First Round,Game 3,3,1,1,,0,0,0,0,0,0,0,0,0,0,0,0,0,0,0,0,0,0,0
Jock,Landale,1629111,42400153,2025-04-26 20:30,Houston,Rockets,Golden State,Warriors,Playoffs,West First Round,Game 3,3,0,0,,0,0,0,0,0,0,0,0,0,0,0,0,0,0,0,0,0,0,0
Jalen,Green,1630224,42400153,2025-04-26 20:30,Houston,Rockets,Golden State,Warriors,Playoffs,West First Round,Game 3,3,0,0,38.46,9,5,0,1,11,4,0.364,5,1,0.2,0,0,0,6,0,6,0,1,-14
Jonathan,Kuminga,1630228,42400153,2025-04-26 20:30,Golden State,Warriors,Houston,Rockets,Playoffs,West First Round,Game 3,3,1,1,16.45,7,2,0,0,7,3,0.429,0,0,0,2,1,0.5,0,1,1,3,1,-5
Jae'Sean,Tate,1630256,42400153,2025-04-26 20:30,Houston,Rockets,Golden State,Warriors,Playoffs,West First Round,Game 3,3,0,0,,0,0,0,0,0,0,0,0,0,0,0,0,0,0,0,0,0,0,0
Braxton,Key,1630296,42400153,2025-04-26 20:30,Golden State,Warriors,Houston,Rockets,Playoffs,West First Round,Game 3,3,1,1,,0,0,0,0,0,0,0,0,0,0,0,0,0,0,0,0,0,0,0
Pat,Spencer,1630311,42400153,2025-04-26 20:30,Golden State,Warriors,Houston,Rockets,Playoffs,West First Round,Game 3,3,1,1,,0,0,0,0,0,0,0,0,0,0,0,0,0,0,0,0,0,0,0
Moses,Moody,1630541,42400153,2025-04-26 20:30,Golden State,Warriors,Houston,Rockets,Playoffs,West First Round,Game 3,3,1,1,23.2,7,2,0,0,8,3,0.375,5,1,0.2,0,0,0,2,1,3,0,0,-4
Alperen,Sengun,1630578,42400153,2025-04-26 20:30,Houston,Rockets,Golden State,Warriors,Playoffs,West First Round,Game 3,3,0,0,33.29,15,4,0,0,18,7,0.389,0,0,0,6,1,0.167,9,2,11,4,1,-10
Gui,Santos,1630611,42400153,2025-04-26 20:30,Golden State,Warriors,Houston,Rockets,Playoffs,West First Round,Game 3,3,1,1,,0,0,0,0,0,0,0,0,0,0,0,0,0,0,0,0,0,0,0
Jabari,Smith Jr.,1631095,42400153,2025-04-26 20:30,Houston,Rockets,Golden State,Warriors,Playoffs,West First Round,Game 3,3,0,0,25.37,12,0,2,0,8,4,0.5,5,3,0.6,2,1,0.5,4,1,5,0,1,-8
Tari,Eason,1631106,42400153,2025-04-26 20:30,Houston,Rockets,Golden State,Warriors,Playoffs,West First Round,Game 3,3,0,0,18.56,8,0,2,0,9,3,0.333,5,1,0.2,2,1,0.5,5,1,6,3,1,1
Trayce,Jackson-Davis,1631218,42400153,2025-04-26 20:30,Golden State,Warriors,Houston,Rockets,Playoffs,West First Round,Game 3,3,1,1,,0,0,0,0,0,0,0,0,0,0,0,0,0,0,0,0,0,0,0
Nate,Williams,1631466,42400153,2025-04-26 20:30,Houston,Rockets,Golden State,Warriors,Playoffs,West First Round,Game 3,3,0,0,,0,0,0,0,0,0,0,0,0,0,0,0,0,0,0,0,0,0,0
Amen,Thompson,1641708,42400153,2025-04-26 20:30,Houston,Rockets,Golden State,Warriors,Playoffs,West First Round,Game 3,3,0,0,36.44,11,4,1,1,16,5,0.313,0,0,0,2,1,0.5,2,5,7,2,4,-9
Cam,Whitmore,1641715,42400153,2025-04-26 20:30,Houston,Rockets,Golden State,Warriors,Playoffs,West First Round,Game 3,3,0,0,,0,0,0,0,0,0,0,0,0,0,0,0,0,0,0,0,0,0,0
Brandin,Podziemski,1641764,42400153,2025-04-26 20:30,Golden State,Warriors,Houston,Rockets,Playoffs,West First Round,Game 3,3,1,1,33.03,10,2,0,1,9,3,0.333,6,1,0.167,4,3,0.75,4,0,4,2,0,13
Reed,Sheppard,1642263,42400153,2025-04-26 20:30,Houston,Rockets,Golden State,Warriors,Playoffs,West First Round,Game 3,3,0,0,,0,0,0,0,0,0,0,0,0,0,0,0,0,0,0,0,0,0,0
Quinten,Post,1642366,42400153,2025-04-26 20:30,Golden State,Warriors,Houston,Rockets,Playoffs,West First Round,Game 3,3,1,1,27.23,2,4,1,1,7,1,0.143,3,0,0,0,0,0,9,3,12,4,0,7
Nicolas,Batum,201587,42400174,2025-04-26 18:00,Los Angeles,Clippers,Denver,Nuggets,Playoffs,West First Round,Game 4,4,0,1,19.09,3,1,1,1,6,1,0.167,6,1,0.167,0,0,0,3,0,3,2,0,-6
DeAndre,Jordan,201599,42400174,2025-04-26 18:00,Denver,Nuggets,Los Angeles,Clippers,Playoffs,West First Round,Game 4,4,1,0,4.32,2,0,0,0,1,1,1,0,0,0,2,0,0,0,0,0,0,0,-2
James,Harden,201935,42400174,2025-04-26 18:00,Los Angeles,Clippers,Denver,Nuggets,Playoffs,West First Round,Game 4,4,0,1,42.52,15,11,2,2,11,5,0.455,2,1,0.5,6,4,0.667,4,0,4,3,4,-4
Patty,Mills,201988,42400174,2025-04-26 18:00,Los Angeles,Clippers,Denver,Nuggets,Playoffs,West First Round,Game 4,4,0,1,,0,0,0,0,0,0,0,0,0,0,0,0,0,0,0,0,0,0,0
Kawhi,Leonard,202695,42400174,2025-04-26 18:00,Los Angeles,Clippers,Denver,Nuggets,Playoffs,West First Round,Game 4,4,0,1,39.56,24,2,0,2,22,10,0.455,5,2,0.4,3,2,0.667,8,1,9,3,2,-2
Aaron,Gordon,203932,42400174,2025-04-26 18:00,Denver,Nuggets,Los Angeles,Clippers,Playoffs,West First Round,Game 4,4,1,0,42.55,14,5,1,1,9,5,0.556,3,1,0.333,4,3,0.75,3,3,6,3,1,1
Dario,Saric,203967,42400174,2025-04-26 18:00,Denver,Nuggets,Los Angeles,Clippers,Playoffs,West First Round,Game 4,4,1,0,,0,0,0,0,0,0,0,0,0,0,0,0,0,0,0,0,0,0,0
Bogdan,Bogdanovic,203992,42400174,2025-04-26 18:00,Los Angeles,Clippers,Denver,Nuggets,Playoffs,West First Round,Game 4,4,0,1,19.1,7,2,0,0,7,3,0.429,2,1,0.5,0,0,0,3,1,4,3,0,22
Nikola,Jokic,203999,42400174,2025-04-26 18:00,Denver,Nuggets,Los Angeles,Clippers,Playoffs,West First Round,Game 4,4,1,0,43.28,36,8,1,2,25,14,0.56,6,3,0.5,6,5,0.833,16,5,21,4,2,4
Norman,Powell,1626181,42400174,2025-04-26 18:00,Los Angeles,Clippers,Denver,Nuggets,Playoffs,West First Round,Game 4,4,0,1,35.33,22,1,0,1,13,7,0.538,8,4,0.5,6,4,0.667,3,1,4,2,2,-8
Ben,Simmons,1627732,42400174,2025-04-26 18:00,Los Angeles,Clippers,Denver,Nuggets,Playoffs,West First Round,Game 4,4,0,1,6.52,2,0,1,0,1,1,1,0,0,0,0,0,0,0,0,0,4,1,-3
Kris,Dunn,1627739,42400174,2025-04-26 18:00,Los Angeles,Clippers,Denver,Nuggets,Playoffs,West First Round,Game 4,4,0,1,20.46,3,1,0,0,9,1,0.111,6,1,0.167,0,0,0,2,4,6,2,0,-12
Jamal,Murray,1627750,42400174,2025-04-26 18:00,Denver,Nuggets,Los Angeles,Clippers,Playoffs,West First Round,Game 4,4,1,0,42.27,13,7,0,2,17,5,0.294,5,1,0.2,2,2,1,7,0,7,4,3,8
Ivica,Zubac,1627826,42400174,2025-04-26 18:00,Los Angeles,Clippers,Denver,Nuggets,Playoffs,West First Round,Game 4,4,0,1,41.08,19,6,1,1,14,9,0.643,0,0,0,1,1,1,6,6,12,1,0,1
Derrick,Jones Jr.,1627884,42400174,2025-04-26 18:00,Los Angeles,Clippers,Denver,Nuggets,Playoffs,West First Round,Game 4,4,0,1,14.34,4,1,0,0,5,2,0.4,1,0,0,0,0,0,1,0,1,0,0,2
Vlatko,Cancar,1628427,42400174,2025-04-26 18:00,Denver,Nuggets,Los Angeles,Clippers,Playoffs,West First Round,Game 4,4,1,0,2.02,0,0,0,0,0,0,0,0,0,0,0,0,0,0,0,0,0,1,-5
Michael,Porter Jr.,1629008,42400174,2025-04-26 18:00,Denver,Nuggets,Los Angeles,Clippers,Playoffs,West First Round,Game 4,4,1,0,42.09,17,2,0,0,11,6,0.545,7,4,0.571,2,1,0.5,4,0,4,3,3,2
Drew,Eubanks,1629234,42400174,2025-04-26 18:00,Los Angeles,Clippers,Denver,Nuggets,Playoffs,West First Round,Game 4,4,0,1,,0,0,0,0,0,0,0,0,0,0,0,0,0,0,0,0,0,0,0
Amir,Coffey,1629599,42400174,2025-04-26 18:00,Los Angeles,Clippers,Denver,Nuggets,Playoffs,West First Round,Game 4,4,0,1,,0,0,0,0,0,0,0,0,0,0,0,0,0,0,0,0,0,0,0
Jalen,Pickett,1629618,42400174,2025-04-26 18:00,Denver,Nuggets,Los Angeles,Clippers,Playoffs,West First Round,Game 4,4,1,0,6.14,0,1,0,0,2,0,0,0,0,0,0,0,0,0,0,0,1,0,-6
Zeke,Nnaji,1630192,42400174,2025-04-26 18:00,Denver,Nuggets,Los Angeles,Clippers,Playoffs,West First Round,Game 4,4,1,0,,0,0,0,0,0,0,0,0,0,0,0,0,0,0,0,0,0,0,0
Julian,Strawther,1631124,42400174,2025-04-26 18:00,Denver,Nuggets,Los Angeles,Clippers,Playoffs,West First Round,Game 4,4,1,0,,0,0,0,0,0,0,0,0,0,0,0,0,0,0,0,0,0,0,0
Christian,Braun,1631128,42400174,2025-04-26 18:00,Denver,Nuggets,Los Angeles,Clippers,Playoffs,West First Round,Game 4,4,1,0,43.28,17,5,2,1,19,8,0.421,7,1,0.143,0,0,0,4,3,7,2,1,4
Peyton,Watson,1631212,42400174,2025-04-26 18:00,Denver,Nuggets,Los Angeles,Clippers,Playoffs,West First Round,Game 4,4,1,0,12.45,2,0,0,1,3,1,0.333,1,0,0,0,0,0,1,1,2,0,1,4
Kobe,Brown,1641738,42400174,2025-04-26 18:00,Los Angeles,Clippers,Denver,Nuggets,Playoffs,West First Round,Game 4,4,0,1,,0,0,0,0,0,0,0,0,0,0,0,0,0,0,0,0,0,0,0
Jordan,Miller,1641757,42400174,2025-04-26 18:00,Los Angeles,Clippers,Denver,Nuggets,Playoffs,West First Round,Game 4,4,0,1,,0,0,0,0,0,0,0,0,0,0,0,0,0,0,0,0,0,0,0
Hunter,Tyson,1641816,42400174,2025-04-26 18:00,Denver,Nuggets,Los Angeles,Clippers,Playoffs,West First Round,Game 4,4,1,0,,0,0,0,0,0,0,0,0,0,0,0,0,0,0,0,0,0,0,0
Cam,Christie,1642353,42400174,2025-04-26 18:00,Los Angeles,Clippers,Denver,Nuggets,Playoffs,West First Round,Game 4,4,0,1,,0,0,0,0,0,0,0,0,0,0,0,0,0,0,0,0,0,0,0
Alex,Caruso,1627936,42400144,2025-04-26 15:30,Oklahoma City,Thunder,Memphis,Grizzlies,Playoffs,West First Round,Game 4,4,1,0,25.41,6,5,1,2,5,1,0.2,4,1,0.25,4,3,0.75,2,1,3,0,0,-9
Luke,Kennard,1628379,42400144,2025-04-26 15:30,Memphis,Grizzlies,Oklahoma City,Thunder,Playoffs,West First Round,Game 4,4,0,1,17.43,4,3,0,0,4,2,0.5,2,0,0,0,0,0,2,1,3,1,2,8
Isaiah,Hartenstein,1628392,42400144,2025-04-26 15:30,Oklahoma City,Thunder,Memphis,Grizzlies,Playoffs,West First Round,Game 4,4,1,0,25.15,11,3,0,4,7,5,0.714,0,0,0,2,1,0.5,9,3,12,4,3,8
Marvin,Bagley III,1628963,42400144,2025-04-26 15:30,Memphis,Grizzlies,Oklahoma City,Thunder,Playoffs,West First Round,Game 4,4,0,1,,0,0,0,0,0,0,0,0,0,0,0,0,0,0,0,0,0,0,0
Shai,Gilgeous-Alexander,1628983,42400144,2025-04-26 15:30,Oklahoma City,Thunder,Memphis,Grizzlies,Playoffs,West First Round,Game 4,4,1,0,38.24,38,6,1,2,24,13,0.542,4,1,0.25,13,11,0.846,3,2,5,3,1,2
Jaren,Jackson Jr.,1628991,42400144,2025-04-26 15:30,Memphis,Grizzlies,Oklahoma City,Thunder,Playoffs,West First Round,Game 4,4,0,1,34.45,12,2,1,2,12,3,0.25,2,0,0,6,6,1,3,1,4,5,5,9
Kenrich,Williams,1629026,42400144,2025-04-26 15:30,Oklahoma City,Thunder,Memphis,Grizzlies,Playoffs,West First Round,Game 4,4,1,0,1.32,0,0,0,0,1,0,0,1,0,0,0,0,0,1,0,1,1,1,-2
Luguentz,Dort,1629652,42400144,2025-04-26 15:30,Oklahoma City,Thunder,Memphis,Grizzlies,Playoffs,West First Round,Game 4,4,1,0,28.28,4,0,0,0,4,0,0,4,0,0,4,4,1,1,1,2,3,0,2
John,Konchar,1629723,42400144,2025-04-26 15:30,Memphis,Grizzlies,Oklahoma City,Thunder,Playoffs,West First Round,Game 4,4,0,1,16.17,4,2,1,1,1,1,1,0,0,0,2,2,1,5,1,6,2,1,-14
Isaiah,Joe,1630198,42400144,2025-04-26 15:30,Oklahoma City,Thunder,Memphis,Grizzlies,Playoffs,West First Round,Game 4,4,1,0,14.13,11,1,0,1,7,4,0.571,6,3,0.5,0,0,0,1,0,1,0,0,0
Lamar,Stevens,1630205,42400144,2025-04-26 15:30,Memphis,Grizzlies,Oklahoma City,Thunder,Playoffs,West First Round,Game 4,4,0,1,0.01,0,0,0,0,0,0,0,0,0,0,0,0,0,0,0,0,1,0,-1
Desmond,Bane,1630217,42400144,2025-04-26 15:30,Memphis,Grizzlies,Oklahoma City,Thunder,Playoffs,West First Round,Game 4,4,0,1,37.43,23,5,0,0,20,7,0.35,8,2,0.25,8,7,0.875,4,1,5,5,5,-1
Santi,Aldama,1630583,42400144,2025-04-26 15:30,Memphis,Grizzlies,Oklahoma City,Thunder,Playoffs,West First Round,Game 4,4,0,1,40.04,23,3,0,0,13,9,0.692,7,5,0.714,0,0,0,9,0,9,3,2,0
Scotty,Pippen Jr.,1630590,42400144,2025-04-26 15:30,Memphis,Grizzlies,Oklahoma City,Thunder,Playoffs,West First Round,Game 4,4,0,1,36.53,30,4,0,0,21,9,0.429,7,2,0.286,10,10,1,7,4,11,6,5,-9
Aaron,Wiggins,1630598,42400144,2025-04-26 15:30,Oklahoma City,Thunder,Memphis,Grizzlies,Playoffs,West First Round,Game 4,4,1,0,14.38,9,0,0,2,7,3,0.429,3,0,0,3,3,1,0,2,2,1,1,6
Jay,Huff,1630643,42400144,2025-04-26 15:30,Memphis,Grizzlies,Oklahoma City,Thunder,Playoffs,West First Round,Game 4,4,0,1,5.57,0,1,1,0,0,0,0,0,0,0,0,0,0,1,0,1,1,0,-5
Chet,Holmgren,1631096,42400144,2025-04-26 15:30,Oklahoma City,Thunder,Memphis,Grizzlies,Playoffs,West First Round,Game 4,4,1,0,29.09,11,1,4,2,9,3,0.333,4,0,0,6,5,0.833,2,0,2,1,1,-3
Jalen,Williams,1631114,42400144,2025-04-26 15:30,Oklahoma City,Thunder,Memphis,Grizzlies,Playoffs,West First Round,Game 4,4,1,0,37.45,23,5,0,0,21,10,0.476,5,2,0.4,2,1,0.5,2,2,4,4,1,6
Jaylin,Williams,1631119,42400144,2025-04-26 15:30,Oklahoma City,Thunder,Memphis,Grizzlies,Playoffs,West First Round,Game 4,4,1,0,3.35,0,0,0,0,1,0,0,1,0,0,0,0,0,0,0,0,1,0,-2
Vince,Williams Jr.,1631246,42400144,2025-04-26 15:30,Memphis,Grizzlies,Oklahoma City,Thunder,Playoffs,West First Round,Game 4,4,0,1,18.05,11,3,0,1,5,3,0.6,5,3,0.6,2,2,1,4,0,4,2,0,8
GG,Jackson,1641713,42400144,2025-04-26 15:30,Memphis,Grizzlies,Oklahoma City,Thunder,Playoffs,West First Round,Game 4,4,0,1,,0,0,0,0,0,0,0,0,0,0,0,0,0,0,0,0,0,0,0
Cason,Wallace,1641717,42400144,2025-04-26 15:30,Oklahoma City,Thunder,Memphis,Grizzlies,Playoffs,West First Round,Game 4,4,1,0,21.2,4,1,1,0,8,2,0.25,3,0,0,1,0,0,0,1,1,2,0,2
Zach,Edey,1641744,42400144,2025-04-26 15:30,Memphis,Grizzlies,Oklahoma City,Thunder,Playoffs,West First Round,Game 4,4,0,1,32.32,8,1,7,0,4,3,0.75,0,0,0,2,2,1,6,2,8,6,1,-5
Dillon,Jones,1641794,42400144,2025-04-26 15:30,Oklahoma City,Thunder,Memphis,Grizzlies,Playoffs,West First Round,Game 4,4,1,0,,0,0,0,0,0,0,0,0,0,0,0,0,0,0,0,0,0,0,0
Ajay,Mitchell,1642349,42400144,2025-04-26 15:30,Oklahoma City,Thunder,Memphis,Grizzlies,Playoffs,West First Round,Game 4,4,1,0,,0,0,0,0,0,0,0,0,0,0,0,0,0,0,0,0,0,0,0
Kevin,Love,201567,42400103,2025-04-26 13:00,Miami,Heat,Cleveland,Cavaliers,Playoffs,East First Round,Game 3,3,0,1,,0,0,0,0,0,0,0,0,0,0,0,0,0,0,0,0,0,0,0
Tristan,Thompson,202684,42400103,2025-04-26 13:00,Cleveland,Cavaliers,Miami,Heat,Playoffs,East First Round,Game 3,3,1,0,5.16,0,0,0,0,0,0,0,0,0,0,0,0,0,2,0,2,0,0,8
Alec,Burks,202692,42400103,2025-04-26 13:00,Miami,Heat,Cleveland,Cavaliers,Playoffs,East First Round,Game 3,3,0,1,,0,0,0,0,0,0,0,0,0,0,0,0,0,0,0,0,0,0,0
Kyle,Anderson,203937,42400103,2025-04-26 13:00,Miami,Heat,Cleveland,Cavaliers,Playoffs,East First Round,Game 3,3,0,1,,0,0,0,0,0,0,0,0,0,0,0,0,0,0,0,0,0,0,0
Andrew,Wiggins,203952,42400103,2025-04-26 13:00,Miami,Heat,Cleveland,Cavaliers,Playoffs,East First Round,Game 3,3,0,1,33.26,10,3,2,0,10,3,0.3,4,2,0.5,4,2,0.5,1,0,1,2,2,-22
Terry,Rozier,1626179,42400103,2025-04-26 13:00,Miami,Heat,Cleveland,Cavaliers,Playoffs,East First Round,Game 3,3,0,1,,0,0,0,0,0,0,0,0,0,0,0,0,0,0,0,0,0,0,0
Donovan,Mitchell,1628378,42400103,2025-04-26 13:00,Cleveland,Cavaliers,Miami,Heat,Playoffs,East First Round,Game 3,3,1,0,29.58,13,1,0,0,14,4,0.286,8,3,0.375,5,2,0.4,1,1,2,1,1,9
Jarrett,Allen,1628386,42400103,2025-04-26 13:00,Cleveland,Cavaliers,Miami,Heat,Playoffs,East First Round,Game 3,3,1,0,25.56,22,1,0,0,9,8,0.889,0,0,0,6,6,1,8,2,10,1,1,20
Bam,Adebayo,1628389,42400103,2025-04-26 13:00,Miami,Heat,Cleveland,Cavaliers,Playoffs,East First Round,Game 3,3,0,1,40.12,22,1,0,0,20,9,0.45,7,4,0.571,0,0,0,5,4,9,2,6,-28
Duncan,Robinson,1629130,42400103,2025-04-26 13:00,Miami,Heat,Cleveland,Cavaliers,Playoffs,East First Round,Game 3,3,0,1,17.5,6,0,0,0,1,1,1,1,1,1,3,3,1,0,0,0,2,1,-14
Haywood,Highsmith,1629312,42400103,2025-04-26 13:00,Miami,Heat,Cleveland,Cavaliers,Playoffs,East First Round,Game 3,3,0,1,15.2,3,1,0,2,4,1,0.25,4,1,0.25,0,0,0,1,0,1,4,0,-15
Max,Strus,1629622,42400103,2025-04-26 13:00,Cleveland,Cavaliers,Miami,Heat,Playoffs,East First Round,Game 3,3,1,0,31.23,18,5,0,0,13,7,0.538,9,4,0.444,0,0,0,6,3,9,4,0,18
De'Andre,Hunter,1629631,42400103,2025-04-26 13:00,Cleveland,Cavaliers,Miami,Heat,Playoffs,East First Round,Game 3,3,1,0,28.24,21,3,0,1,8,6,0.75,5,3,0.6,6,6,1,4,0,4,3,2,34
Darius,Garland,1629636,42400103,2025-04-26 13:00,Cleveland,Cavaliers,Miami,Heat,Playoffs,East First Round,Game 3,3,1,0,,0,0,0,0,0,0,0,0,0,0,0,0,0,0,0,0,0,0,0
Tyler,Herro,1629639,42400103,2025-04-26 13:00,Miami,Heat,Cleveland,Cavaliers,Playoffs,East First Round,Game 3,3,0,1,36.33,13,3,0,1,13,5,0.385,3,1,0.333,2,2,1,4,0,4,2,3,-26
Chuma,Okeke,1629643,42400103,2025-04-26 13:00,Cleveland,Cavaliers,Miami,Heat,Playoffs,East First Round,Game 3,3,1,0,,0,0,0,0,0,0,0,0,0,0,0,0,0,0,0,0,0,0,0
Ty,Jerome,1629660,42400103,2025-04-26 13:00,Cleveland,Cavaliers,Miami,Heat,Playoffs,East First Round,Game 3,3,1,0,21.45,13,11,0,2,11,5,0.455,3,1,0.333,2,2,1,2,1,3,0,0,33
Dean,Wade,1629731,42400103,2025-04-26 13:00,Cleveland,Cavaliers,Miami,Heat,Playoffs,East First Round,Game 3,3,1,0,21.48,0,2,0,0,2,0,0,2,0,0,0,0,0,3,1,4,1,1,19
Javonte,Green,1629750,42400103,2025-04-26 13:00,Cleveland,Cavaliers,Miami,Heat,Playoffs,East First Round,Game 3,3,1,0,5.16,2,1,0,1,3,1,0.333,2,0,0,0,0,0,0,1,1,0,0,8
Isaac,Okoro,1630171,42400103,2025-04-26 13:00,Cleveland,Cavaliers,Miami,Heat,Playoffs,East First Round,Game 3,3,1,0,8.59,9,1,0,0,6,4,0.667,3,1,0.333,0,0,0,0,1,1,3,0,9
Sam,Merrill,1630241,42400103,2025-04-26 13:00,Cleveland,Cavaliers,Miami,Heat,Playoffs,East First Round,Game 3,3,1,0,19.1,0,1,0,0,3,0,0,3,0,0,0,0,0,1,1,2,1,1,3
Davion,Mitchell,1630558,42400103,2025-04-26 13:00,Miami,Heat,Cleveland,Cavaliers,Playoffs,East First Round,Game 3,3,0,1,36.32,16,5,1,1,11,7,0.636,2,2,1,1,0,0,4,0,4,3,0,-20
Evan,Mobley,1630596,42400103,2025-04-26 13:00,Cleveland,Cavaliers,Miami,Heat,Playoffs,East First Round,Game 3,3,1,0,31.33,19,3,1,1,13,8,0.615,4,2,0.5,1,1,1,5,1,6,1,2,8
Nikola,Jovic,1631107,42400103,2025-04-26 13:00,Miami,Heat,Cleveland,Cavaliers,Playoffs,East First Round,Game 3,3,0,1,19.23,3,2,0,1,7,1,0.143,6,1,0.167,0,0,0,3,0,3,1,1,-20
Jaime,Jaquez Jr.,1631170,42400103,2025-04-26 13:00,Miami,Heat,Cleveland,Cavaliers,Playoffs,East First Round,Game 3,3,0,1,5.25,0,0,0,0,0,0,0,0,0,0,0,0,0,0,0,0,0,1,-8
Pelle,Larsson,1641796,42400103,2025-04-26 13:00,Miami,Heat,Cleveland,Cavaliers,Playoffs,East First Round,Game 3,3,0,1,16.42,6,1,0,1,5,2,0.4,4,2,0.5,0,0,0,1,1,2,0,1,-22
Craig,Porter Jr.,1641854,42400103,2025-04-26 13:00,Cleveland,Cavaliers,Miami,Heat,Playoffs,East First Round,Game 3,3,1,0,5.16,0,1,0,1,0,0,0,0,0,0,0,0,0,0,0,0,0,1,8
Kel'el,Ware,1642276,42400103,2025-04-26 13:00,Miami,Heat,Cleveland,Cavaliers,Playoffs,East First Round,Game 3,3,0,1,18.37,8,2,0,0,5,3,0.6,3,2,0.667,0,0,0,5,0,5,1,1,-10
Jaylon,Tyson,1642281,42400103,2025-04-26 13:00,Cleveland,Cavaliers,Miami,Heat,Playoffs,East First Round,Game 3,3,1,0,5.16,7,2,0,1,4,3,0.75,1,1,1,0,0,0,1,1,2,0,0,8
Keshad,Johnson,1642352,42400103,2025-04-26 13:00,Miami,Heat,Cleveland,Cavaliers,Playoffs,East First Round,Game 3,3,0,1,,0,0,0,0,0,0,0,0,0,0,0,0,0,0,0,0,0,0,0
LeBron,James,2544,42400163,2025-04-25 21:30,Los Angeles,Lakers,Minnesota,Timberwolves,Playoffs,West First Round,Game 3,3,0,0,41.09,38,4,2,2,21,13,0.619,9,5,0.556,10,7,0.7,7,3,10,0,1,-10
Mike,Conley,201144,42400163,2025-04-25 21:30,Minnesota,Timberwolves,Los Angeles,Lakers,Playoffs,West First Round,Game 3,3,1,1,21.01,9,4,0,1,6,4,0.667,1,1,1,0,0,0,2,1,3,2,0,6
Markieff,Morris,202693,42400163,2025-04-25 21:30,Los Angeles,Lakers,Minnesota,Timberwolves,Playoffs,West First Round,Game 3,3,0,0,,0,0,0,0,0,0,0,0,0,0,0,0,0,0,0,0,0,0,0
Alex,Len,203458,42400163,2025-04-25 21:30,Los Angeles,Lakers,Minnesota,Timberwolves,Playoffs,West First Round,Game 3,3,0,0,0.39,0,0,0,0,0,0,0,0,0,0,0,0,0,0,0,0,0,0,0
Rudy,Gobert,203497,42400163,2025-04-25 21:30,Minnesota,Timberwolves,Los Angeles,Lakers,Playoffs,West First Round,Game 3,3,1,1,25.24,1,1,1,2,0,0,0,0,0,0,4,1,0.25,2,1,3,2,1,3
Julius,Randle,203944,42400163,2025-04-25 21:30,Minnesota,Timberwolves,Los Angeles,Lakers,Playoffs,West First Round,Game 3,3,1,1,40.57,22,4,0,1,13,6,0.462,4,1,0.25,10,9,0.9,5,0,5,2,2,11
Joe,Ingles,204060,42400163,2025-04-25 21:30,Minnesota,Timberwolves,Los Angeles,Lakers,Playoffs,West First Round,Game 3,3,1,1,,0,0,0,0,0,0,0,0,0,0,0,0,0,0,0,0,0,0,0
Dorian,Finney-Smith,1627827,42400163,2025-04-25 21:30,Los Angeles,Lakers,Minnesota,Timberwolves,Playoffs,West First Round,Game 3,3,0,0,28.36,8,2,0,0,6,3,0.5,4,2,0.5,0,0,0,0,1,1,3,2,3
Donte,DiVincenzo,1628978,42400163,2025-04-25 21:30,Minnesota,Timberwolves,Los Angeles,Lakers,Playoffs,West First Round,Game 3,3,1,1,30.43,10,4,3,1,13,4,0.308,8,2,0.25,0,0,0,4,1,5,4,1,5
Shake,Milton,1629003,42400163,2025-04-25 21:30,Los Angeles,Lakers,Minnesota,Timberwolves,Playoffs,West First Round,Game 3,3,0,0,0.39,0,0,0,0,0,0,0,0,0,0,0,0,0,0,0,0,0,0,0
Jarred,Vanderbilt,1629020,42400163,2025-04-25 21:30,Los Angeles,Lakers,Minnesota,Timberwolves,Playoffs,West First Round,Game 3,3,0,0,12.39,3,0,1,0,1,1,1,0,0,0,2,1,0.5,5,0,5,5,1,5
Luka,Doncic,1629029,42400163,2025-04-25 21:30,Los Angeles,Lakers,Minnesota,Timberwolves,Playoffs,West First Round,Game 3,3,0,0,39.58,17,8,1,1,16,6,0.375,8,2,0.25,4,3,0.75,7,0,7,3,5,-16
Rui,Hachimura,1629060,42400163,2025-04-25 21:30,Los Angeles,Lakers,Minnesota,Timberwolves,Playoffs,West First Round,Game 3,3,0,0,37.37,8,2,1,1,7,3,0.429,4,2,0.5,0,0,0,4,0,4,5,3,-19
Gabe,Vincent,1629216,42400163,2025-04-25 21:30,Los Angeles,Lakers,Minnesota,Timberwolves,Playoffs,West First Round,Game 3,3,0,0,15.5,5,1,0,0,3,2,0.667,2,1,0.5,0,0,0,1,0,1,1,0,-3
Jaxson,Hayes,1629637,42400163,2025-04-25 21:30,Los Angeles,Lakers,Minnesota,Timberwolves,Playoffs,West First Round,Game 3,3,0,0,8.42,2,0,0,0,2,1,0.5,0,0,0,0,0,0,0,1,1,1,0,-13
Nickeil,Alexander-Walker,1629638,42400163,2025-04-25 21:30,Minnesota,Timberwolves,Los Angeles,Lakers,Playoffs,West First Round,Game 3,3,1,1,13.56,4,2,0,1,4,1,0.25,3,1,0.333,2,1,0.5,3,0,3,1,1,1
Naz,Reid,1629675,42400163,2025-04-25 21:30,Minnesota,Timberwolves,Los Angeles,Lakers,Playoffs,West First Round,Game 3,3,1,1,27.27,11,0,0,0,7,4,0.571,5,2,0.4,1,1,1,5,1,6,4,0,10
Anthony,Edwards,1630162,42400163,2025-04-25 21:30,Minnesota,Timberwolves,Los Angeles,Lakers,Playoffs,West First Round,Game 3,3,1,1,42.18,29,8,1,2,26,12,0.462,10,5,0.5,0,0,0,6,2,8,2,2,13
Jaden,McDaniels,1630183,42400163,2025-04-25 21:30,Minnesota,Timberwolves,Los Angeles,Lakers,Playoffs,West First Round,Game 3,3,1,1,38.14,30,1,0,2,22,13,0.591,5,1,0.2,4,3,0.75,2,3,5,2,1,11
Terrence,Shannon Jr.,1630545,42400163,2025-04-25 21:30,Minnesota,Timberwolves,Los Angeles,Lakers,Playoffs,West First Round,Game 3,3,1,1,,0,0,0,0,0,0,0,0,0,0,0,0,0,0,0,0,0,0,0
Austin,Reaves,1630559,42400163,2025-04-25 21:30,Los Angeles,Lakers,Minnesota,Timberwolves,Playoffs,West First Round,Game 3,3,0,0,41.04,20,4,1,0,18,7,0.389,11,5,0.455,2,1,0.5,6,1,7,3,4,-16
Luka,Garza,1630568,42400163,2025-04-25 21:30,Minnesota,Timberwolves,Los Angeles,Lakers,Playoffs,West First Round,Game 3,3,1,1,,0,0,0,0,0,0,0,0,0,0,0,0,0,0,0,0,0,0,0
Jordan,Goodwin,1630692,42400163,2025-04-25 21:30,Los Angeles,Lakers,Minnesota,Timberwolves,Playoffs,West First Round,Game 3,3,0,0,11.49,3,0,1,1,3,1,0.333,1,0,0,2,1,0.5,1,1,2,2,0,9
Leonard,Miller,1631159,42400163,2025-04-25 21:30,Minnesota,Timberwolves,Los Angeles,Lakers,Playoffs,West First Round,Game 3,3,1,1,,0,0,0,0,0,0,0,0,0,0,0,0,0,0,0,0,0,0,0
Josh,Minott,1631169,42400163,2025-04-25 21:30,Minnesota,Timberwolves,Los Angeles,Lakers,Playoffs,West First Round,Game 3,3,1,1,,0,0,0,0,0,0,0,0,0,0,0,0,0,0,0,0,0,0,0
Jaylen,Clark,1641740,42400163,2025-04-25 21:30,Minnesota,Timberwolves,Los Angeles,Lakers,Playoffs,West First Round,Game 3,3,1,1,,0,0,0,0,0,0,0,0,0,0,0,0,0,0,0,0,0,0,0
Dalton,Knecht,1642261,42400163,2025-04-25 21:30,Los Angeles,Lakers,Minnesota,Timberwolves,Playoffs,West First Round,Game 3,3,0,0,0.39,0,0,0,0,1,0,0,1,0,0,0,0,0,0,0,0,0,0,0
Bronny,James,1642355,42400163,2025-04-25 21:30,Los Angeles,Lakers,Minnesota,Timberwolves,Playoffs,West First Round,Game 3,3,0,0,0.39,0,0,0,0,0,0,0,0,0,0,0,0,0,0,0,0,0,0,0
Brook,Lopez,201572,42400133,2025-04-25 20:00,Milwaukee,Bucks,Indiana,Pacers,Playoffs,East First Round,Game 3,3,1,1,14.36,0,2,0,0,3,0,0,3,0,0,0,0,0,1,1,2,3,1,5
James,Johnson,201949,42400133,2025-04-25 20:00,Indiana,Pacers,Milwaukee,Bucks,Playoffs,East First Round,Game 3,3,0,0,,0,0,0,0,0,0,0,0,0,0,0,0,0,0,0,0,0,0,0
Damian,Lillard,203081,42400133,2025-04-25 20:00,Milwaukee,Bucks,Indiana,Pacers,Playoffs,East First Round,Game 3,3,1,1,31.38,7,5,2,2,12,2,0.167,8,1,0.125,2,2,1,3,0,3,4,1,16
Giannis,Antetokounmpo,203507,42400133,2025-04-25 20:00,Milwaukee,Bucks,Indiana,Pacers,Playoffs,East First Round,Game 3,3,1,1,32.12,37,6,0,1,19,14,0.737,0,0,0,10,9,0.9,9,3,12,2,5,24
T.J.,McConnell,204456,42400133,2025-04-25 20:00,Indiana,Pacers,Milwaukee,Bucks,Playoffs,East First Round,Game 3,3,0,0,16.36,0,5,0,0,4,0,0,0,0,0,0,0,0,4,0,4,0,1,3
Myles,Turner,1626167,42400133,2025-04-25 20:00,Indiana,Pacers,Milwaukee,Bucks,Playoffs,East First Round,Game 3,3,0,0,24.15,6,2,1,0,9,1,0.111,6,0,0,4,4,1,2,1,3,1,4,-15
Bobby,Portis,1626171,42400133,2025-04-25 20:00,Milwaukee,Bucks,Indiana,Pacers,Playoffs,East First Round,Game 3,3,1,1,32.13,10,3,1,1,13,5,0.385,4,0,0,0,0,0,6,2,8,1,3,15
Pat,Connaughton,1626192,42400133,2025-04-25 20:00,Milwaukee,Bucks,Indiana,Pacers,Playoffs,East First Round,Game 3,3,1,1,2.25,0,0,0,0,0,0,0,0,0,0,0,0,0,0,0,0,0,0,-4
Taurean,Prince,1627752,42400133,2025-04-25 20:00,Milwaukee,Bucks,Indiana,Pacers,Playoffs,East First Round,Game 3,3,1,1,3.07,0,0,0,0,1,0,0,1,0,0,0,0,0,1,0,1,1,0,3
Pascal,Siakam,1627783,42400133,2025-04-25 20:00,Indiana,Pacers,Milwaukee,Bucks,Playoffs,East First Round,Game 3,3,0,0,30.59,28,2,0,2,19,12,0.632,4,3,0.75,3,1,0.333,5,0,5,3,0,-9
Tony,Bradley,1628396,42400133,2025-04-25 20:00,Indiana,Pacers,Milwaukee,Bucks,Playoffs,East First Round,Game 3,3,0,0,3.33,0,2,0,0,0,0,0,0,0,0,0,0,0,0,2,2,0,0,4
Kyle,Kuzma,1628398,42400133,2025-04-25 20:00,Milwaukee,Bucks,Indiana,Pacers,Playoffs,East First Round,Game 3,3,1,1,20.36,9,2,1,0,9,4,0.444,2,1,0.5,0,0,0,3,0,3,3,2,-1
Thomas,Bryant,1628418,42400133,2025-04-25 20:00,Indiana,Pacers,Milwaukee,Bucks,Playoffs,East First Round,Game 3,3,0,0,21.24,3,2,0,1,2,1,0.5,1,1,1,0,0,0,3,1,4,3,2,1
Gary,Trent Jr.,1629018,42400133,2025-04-25 20:00,Milwaukee,Bucks,Indiana,Pacers,Playoffs,East First Round,Game 3,3,1,1,34.05,37,0,0,4,16,11,0.688,12,9,0.75,7,6,0.857,3,0,3,1,0,20
Andrew,Nembhard,1629614,42400133,2025-04-25 20:00,Indiana,Pacers,Milwaukee,Bucks,Playoffs,East First Round,Game 3,3,0,0,30.13,6,5,0,1,8,2,0.25,1,0,0,2,2,1,1,0,1,2,0,-18
Kevin,Porter Jr.,1629645,42400133,2025-04-25 20:00,Milwaukee,Bucks,Indiana,Pacers,Playoffs,East First Round,Game 3,3,1,1,26.23,1,6,0,0,5,0,0,2,0,0,2,1,0.5,4,0,4,2,1,-5
Obi,Toppin,1630167,42400133,2025-04-25 20:00,Indiana,Pacers,Milwaukee,Bucks,Playoffs,East First Round,Game 3,3,0,0,16.02,10,1,1,1,9,4,0.444,4,0,0,3,2,0.667,2,0,2,1,2,-6
Tyrese,Haliburton,1630169,42400133,2025-04-25 20:00,Indiana,Pacers,Milwaukee,Bucks,Playoffs,East First Round,Game 3,3,0,0,31.34,14,10,1,0,11,5,0.455,9,4,0.444,0,0,0,6,1,7,2,1,-23
Aaron,Nesmith,1630174,42400133,2025-04-25 20:00,Indiana,Pacers,Milwaukee,Bucks,Playoffs,East First Round,Game 3,3,0,0,26.53,18,3,1,2,13,7,0.538,8,4,0.5,0,0,0,6,1,7,4,2,-17
Jericho,Sims,1630579,42400133,2025-04-25 20:00,Milwaukee,Bucks,Indiana,Pacers,Playoffs,East First Round,Game 3,3,1,1,14.34,4,0,0,0,2,2,1,0,0,0,1,0,0,4,4,8,0,0,-8
Bennedict,Mathurin,1631097,42400133,2025-04-25 20:00,Indiana,Pacers,Milwaukee,Bucks,Playoffs,East First Round,Game 3,3,0,0,13.42,9,0,0,1,8,4,0.5,4,0,0,1,1,1,3,0,3,2,2,-8
Ryan,Rollins,1631157,42400133,2025-04-25 20:00,Milwaukee,Bucks,Indiana,Pacers,Playoffs,East First Round,Game 3,3,1,1,2.25,0,0,0,0,1,0,0,1,0,0,0,0,0,0,0,0,0,0,-4
AJ,Green,1631260,42400133,2025-04-25 20:00,Milwaukee,Bucks,Indiana,Pacers,Playoffs,East First Round,Game 3,3,1,1,25.46,12,4,0,0,8,4,0.5,8,4,0.5,0,0,0,4,0,4,1,0,19
Jarace,Walker,1641716,42400133,2025-04-25 20:00,Indiana,Pacers,Milwaukee,Bucks,Playoffs,East First Round,Game 3,3,0,0,5.5,2,0,0,0,2,1,0.5,0,0,0,0,0,0,0,0,0,1,0,1
Andre,Jackson Jr.,1641748,42400133,2025-04-25 20:00,Milwaukee,Bucks,Indiana,Pacers,Playoffs,East First Round,Game 3,3,1,1,,0,0,0,0,0,0,0,0,0,0,0,0,0,0,0,0,0,0,0
Ben,Sheppard,1641767,42400133,2025-04-25 20:00,Indiana,Pacers,Milwaukee,Bucks,Playoffs,East First Round,Game 3,3,0,0,15.26,5,0,0,0,5,2,0.4,4,1,0.25,0,0,0,1,1,2,1,0,3
Johnny,Furphy,1642277,42400133,2025-04-25 20:00,Indiana,Pacers,Milwaukee,Bucks,Playoffs,East First Round,Game 3,3,0,0,3.33,0,0,0,0,0,0,0,0,0,0,0,0,0,0,0,0,0,0,4
Al,Horford,201143,42400113,2025-04-25 19:00,Boston,Celtics,Orlando,Magic,Playoffs,East First Round,Game 3,3,0,0,34.3,6,3,2,0,5,2,0.4,3,2,0.667,0,0,0,5,2,7,4,0,6
Jrue,Holiday,201950,42400113,2025-04-25 19:00,Boston,Celtics,Orlando,Magic,Playoffs,East First Round,Game 3,3,0,0,,0,0,0,0,0,0,0,0,0,0,0,0,0,0,0,0,0,0,0
Cory,Joseph,202709,42400113,2025-04-25 19:00,Orlando,Magic,Boston,Celtics,Playoffs,East First Round,Game 3,3,1,1,27.42,6,1,0,0,4,2,0.5,4,2,0.5,0,0,0,3,0,3,1,1,-9
Kentavious,Caldwell-Pope,203484,42400113,2025-04-25 19:00,Orlando,Magic,Boston,Celtics,Playoffs,East First Round,Game 3,3,1,1,31.39,0,2,1,1,3,0,0,2,0,0,0,0,0,1,1,2,2,1,-10
Gary,Harris,203914,42400113,2025-04-25 19:00,Orlando,Magic,Boston,Celtics,Playoffs,East First Round,Game 3,3,1,1,22.11,0,0,1,1,2,0,0,2,0,0,0,0,0,2,0,2,2,0,9
Kristaps,Porzingis,204001,42400113,2025-04-25 19:00,Boston,Celtics,Orlando,Magic,Playoffs,East First Round,Game 3,3,0,0,34.24,7,1,0,1,10,3,0.3,3,0,0,3,1,0.333,6,0,6,4,2,-16
Jaylen,Brown,1627759,42400113,2025-04-25 19:00,Boston,Celtics,Orlando,Magic,Playoffs,East First Round,Game 3,3,0,0,33.44,19,1,1,1,14,7,0.5,2,1,0.5,5,4,0.8,6,0,6,5,6,-8
Jayson,Tatum,1628369,42400113,2025-04-25 19:00,Boston,Celtics,Orlando,Magic,Playoffs,East First Round,Game 3,3,0,0,39.21,36,4,1,1,22,10,0.455,10,4,0.4,12,12,1,7,2,9,1,7,2
Jonathan,Isaac,1628371,42400113,2025-04-25 19:00,Orlando,Magic,Boston,Celtics,Playoffs,East First Round,Game 3,3,1,1,17.18,2,1,1,1,1,1,1,0,0,0,0,0,0,2,1,3,1,0,10
Derrick,White,1628401,42400113,2025-04-25 19:00,Boston,Celtics,Orlando,Magic,Playoffs,East First Round,Game 3,3,0,0,39.36,16,5,1,2,14,7,0.5,8,2,0.25,0,0,0,3,0,3,0,0,4
Luke,Kornet,1628436,42400113,2025-04-25 19:00,Boston,Celtics,Orlando,Magic,Playoffs,East First Round,Game 3,3,0,0,19.25,6,0,0,2,6,3,0.5,0,0,0,0,0,0,3,3,6,1,0,8
Torrey,Craig,1628470,42400113,2025-04-25 19:00,Boston,Celtics,Orlando,Magic,Playoffs,East First Round,Game 3,3,0,0,,0,0,0,0,0,0,0,0,0,0,0,0,0,0,0,0,0,0,0
Wendell,Carter Jr.,1628976,42400113,2025-04-25 19:00,Orlando,Magic,Boston,Celtics,Playoffs,East First Round,Game 3,3,1,1,30.36,10,1,1,0,8,4,0.5,1,0,0,2,2,1,6,6,12,2,1,-10
ga,Bitadze,1629048,42400113,2025-04-25 19:00,Orlando,Magic,Boston,Celtics,Playoffs,East First Round,Game 3,3,1,1,,0,0,0,0,0,0,0,0,0,0,0,0,0,0,0,0,0,0,0
Neemias,Queta,1629674,42400113,2025-04-25 19:00,Boston,Celtics,Orlando,Magic,Playoffs,East First Round,Game 3,3,0,0,,0,0,0,0,0,0,0,0,0,0,0,0,0,0,0,0,0,0,0
Cole,Anthony,1630175,42400113,2025-04-25 19:00,Orlando,Magic,Boston,Celtics,Playoffs,East First Round,Game 3,3,1,1,14.29,4,2,0,0,4,2,0.5,1,0,0,0,0,0,2,2,4,4,5,15
Payton,Pritchard,1630202,42400113,2025-04-25 19:00,Boston,Celtics,Orlando,Magic,Playoffs,East First Round,Game 3,3,0,0,25.32,3,0,0,2,2,1,0.5,0,0,0,2,1,0.5,0,1,1,3,3,-6
Xavier,Tillman,1630214,42400113,2025-04-25 19:00,Boston,Celtics,Orlando,Magic,Playoffs,East First Round,Game 3,3,0,0,,0,0,0,0,0,0,0,0,0,0,0,0,0,0,0,0,0,0,0
Franz,Wagner,1630532,42400113,2025-04-25 19:00,Orlando,Magic,Boston,Celtics,Playoffs,East First Round,Game 3,3,1,1,37.55,32,8,0,2,27,11,0.407,13,3,0.231,12,7,0.583,5,2,7,4,1,-4
Sam,Hauser,1630573,42400113,2025-04-25 19:00,Boston,Celtics,Orlando,Magic,Playoffs,East First Round,Game 3,3,0,0,13.27,0,1,0,0,1,0,0,1,0,0,0,0,0,1,0,1,2,1,0
Paolo,Banchero,1631094,42400113,2025-04-25 19:00,Orlando,Magic,Boston,Celtics,Playoffs,East First Round,Game 3,3,1,1,41.34,29,1,0,2,25,10,0.4,4,2,0.5,8,7,0.875,4,2,6,4,4,-3
JD,Davison,1631120,42400113,2025-04-25 19:00,Boston,Celtics,Orlando,Magic,Playoffs,East First Round,Game 3,3,0,0,,0,0,0,0,0,0,0,0,0,0,0,0,0,0,0,0,0,0,0
